SMILES,Label
O=C(O)C(=O)O,0
Cc1ccc(C(C)C)cc1,0
O=[Si]=O,0
O=C(O)c1ccccc1,0
O=S(=O)(c1ccc(Cl)cc1)c1cc(Cl)c(Cl)cc1Cl,1
COP(=S)(OC)SCN1C(=O)c2ccccc2C1=O,1
CC(C)=CCCC(C)=CCO,0
O=C([O-])[O-].[Ca+2],0
C=C(C)C1CC=C(C)CC1,0
[I-].[K+],1
COP(=S)(OC)Oc1cc(Cl)c(Br)cc1Cl,1
CN1CCCC1c1cccnc1,0
N#C[S-].[K+],1
O=S(=O)([O-])[O-].O=S(=O)([O-])[O-].O=S(=O)([O-])[O-].[Fe+3].[Fe+3],0
O=[As](O)(O)O,1
ClC1C(Cl)C(Cl)C(Cl)C(Cl)C1Cl,1
COP(=S)(OC)SCC(=O)N(C)C=O,1
O=S(=O)([O-])[O-].[Cu+2],0
O.[Cu].[Cu],0
COP(=O)(OC)OC=C(Cl)Cl,1
CCOP(=S)(NC(C)C)Oc1ccccc1C(=O)OC(C)C,1
O=S(=O)([O-])[O-].[Zn+2],0
COC(=O)C=C(C)OP(=O)(OC)OC,1
O=P(O)(O)CCCl,0
[Al]#P,1
CCCCN(C)C(=O)Nc1ccc(Cl)c(Cl)c1,0
O=S(=O)([O-])[O-].[Mn+2],0
Oc1c(Cl)c(Cl)c(Cl)c(Cl)c1Cl,0
CCCCCCCCCCCCCCCC(=O)O,0
Cl[Cu]Cl,0
N#CN,1
Oc1ccc(O)cc1,0
CC(=O)CC(c1ccccc1)c1c(O)c2ccccc2oc1=O,0
CNC(=O)Oc1cccc2ccccc12,1
CC(=O)O.CCCCCCCCCCCCN=C(N)N,0
COc1c(Cl)ccc(Cl)c1C(=O)O,0
[Cu+2].[OH-].[OH-],0
CN(C)C(CSC(N)=O)CSC(N)=O,1
CC12CCC(CC1)C(C)(C)O2,0
O=C([O-])O.[K+],0
CON(C)C(=O)Nc1ccc(Cl)c(Cl)c1,0
C=CCc1ccc(O)c(OC)c1,0
O=P([O-])([O-])[O-].O=P([O-])([O-])[O-].[Ca+2].[Ca+2].[Ca+2],0
Cc1ccc(C(C)C)c(O)c1,0
CC[Hg]Cl,0
[Na+].[O-][Cl+2]([O-])[O-],0
O=C1CC2OCC=C3CN4CCC56c7ccccc7N1C5C2C3CC46,0
CCCCN(CC)c1c([N+](=O)[O-])cc(C(F)(F)F)cc1[N+](=O)[O-],0
Cl[Cd]Cl,1
COC(=O)c1ccccc1,0
O=C1c2ccccc2C(=O)N1SC(Cl)(Cl)Cl,0
C=C(C)C1CC=C(C)C(=O)C1,0
O=[N+]([O-])C(Cl)(Cl)Cl,0
CCCCCCCCCCO,0
CN1CSC(=S)N(C)C1,1
O=P([O-])([O-])[O-].[Fe+3],0
CCC(=O)Nc1ccc(Cl)c(Cl)c1,0
O=CC=Cc1ccccc1,0
O=P([O-])([O-])OP(=O)([O-])[O-].O=P([O-])([O-])OP(=O)([O-])[O-].O=P([O-])([O-])OP(=O)([O-])[O-].[Fe+3].[Fe+3].[Fe+3].[Fe+3],0
O=S(=O)([O-])[O-].O=S(=O)([O-])[O-].O=S(=O)([O-])[O-].[Cr+3].[Cr+3],0
O=N[O-].[Na+],0
CSSC,0
[Br-].[Br-].c1cc[n+]2c(c1)-c1cccc[n+]1CC2,0
Oc1cccc2cccnc12,0
CN(C)C(=O)Nc1ccc(Cl)c(Cl)c1,0
CC(C)N(C(=O)CCl)c1ccccc1,0
CC=Cc1ccc(OC)cc1,0
COP(=O)(NC(C)=O)SC,1
COP(=S)(OC)Oc1ccc([N+](=O)[O-])cc1,0
O=C([O-])C(Cl)(Cl)Cl.[Na+],0
Cc1ccc(N=CN(C)C=Nc2ccc(C)cc2C)c(C)c1,0
O=[As]([O-])([O-])[O-].O=[As]([O-])([O-])[O-].[Ca+2].[Ca+2].[Ca+2],1
CCCCCCCC(=O)O,0
CCOP(=O)(OCC)OP(=O)(OCC)OCC,1
CCOC(=O)C(O)(c1ccc(Cl)cc1)c1ccc(Cl)cc1,1
O=Cc1ccco1,0
CC1=CCC(=C(C)C)CC1,0
O=[N+]([O-])c1ccc(Oc2ccc(Cl)cc2Cl)cc1,0
CBr,0
CC1=CCC(C(C)(C)O)CC1,0
CC(=O)O[Hg]c1ccccc1,1
C=CC(C)(O)CCC=C(C)C,0
CCCCCCCCC(=O)O,0
O=CNC(N1CCN(C(NC=O)C(Cl)(Cl)Cl)CC1)C(Cl)(Cl)Cl,0
CCCCCCCCCCCCCCO,0
ClCC(Br)CBr,0
O=c1ccc(=O)[nH][nH]1,0
CC1(C)C(C=C(Cl)C(F)(F)F)C1C(=O)OC(C#N)c1cccc(Oc2ccccc2)c1,1
O=C(O)COc1ccc(Cl)cc1Cl,0
C=CCc1ccc(OC)c(OC)c1,0
CCC(CC)Nc1c([N+](=O)[O-])cc(C)c(C)c1[N+](=O)[O-],0
CCCSC(=O)N(CCC)CCC,1
CCOC(=O)CC(SP(=S)(OC)OC)C(=O)OCC,1
CC1OC(C)OC(C)OC(C)O1,0
COc1cc(CNC(=O)CCCCC=CC(C)C)ccc1O,1
CN1CCCC1=O,0
c1ccc2c(c1)CCCC2,1
Oc1ccccc1-c1ccccc1,0
C[As](C)(=O)O,0
O=[N+]([O-])c1ccccc1[O-].[Na+],0
CNC(=O)Oc1ccccc1OC(C)C,1
CCSC(=O)N(CC(C)C)CC(C)C,0
CC(O)(c1ccc(Cl)cc1)c1ccc(Cl)cc1,0
COC(=O)c1ccccc1N,0
CCCCCCCCCCCCCCCCCCCCCCCCC,0
C[As](=O)([O-])O.[Na+],0
COP(=O)(OC)C(O)C(Cl)(Cl)Cl,1
COc1ccc(C(c2ccc(OC)cc2)C(Cl)(Cl)Cl)cc1,1
CCC=CCC1=C(C)CCC1=O,0
C=CC(C)(O)CCC=C(C)CCC=C(C)C,0
CCCCCCCCCCCCCN1CC(C)OC(C)C1,0
CCCCNC(=O)n1c(NC(=O)OC)nc2ccccc21,1
N#Cc1sc2c(=O)c3ccccc3c(=O)c=2sc1C#N,0
Clc1ccc(C(c2ccc(Cl)cc2)C(Cl)(Cl)Cl)cc1,1
CCOP(=S)(OCC)SCSP(=S)(OCC)OCC,1
CCOP(=S)(OCC)Oc1cnc2ccccc2n1,1
CCOP(=S)(OCC)SCn1nnc2ccccc2c1=O,1
Nc1ccc([As](=O)(O)O)cc1,0
O=C(O)Cc1cccc2ccccc12,0
CCOCN(C(=O)CCl)c1c(C)cccc1CC,0
CCOP(=S)(OCC)SCCl,1
OC(c1ccc(Cl)cc1)(c1ccc(Cl)cc1)C(Cl)(Cl)Cl,1
CCCC(Cn1cncn1)c1ccc(Cl)cc1Cl,1
Oc1cc(O)c2cc(O)c(-c3cc(O)c(O)c(O)c3)[o+]c2c1.[Cl-],0
O=C1OC(C(O)CO)C(O)=C1O,1
O=S(=O)(F)F,1
O=C1C(Cl)=C(Cl)C(=O)c2ccccc21,0
O=[N+]([O-])c1ccc([O-])cc1.[Na+],0
Nc1cnn(-c2ccccc2)c(=O)c1Cl,0
COP(=S)(OC)Oc1cc(Cl)c(Cl)cc1Cl,1
CNC(=O)Oc1cc(C)c(SC)c(C)c1,1
CC1=CC(=O)C2CC1C2(C)C,0
CCCC[Sn](CCCC)(CCCC)O[Sn](CCCC)(CCCC)CCCC,1
CNC(=O)CSP(=S)(OC)OC,1
CCCCN(CCCC)SN(C)C(=O)Oc1cccc2c1OC(C)(C)C2,1
CC(C)(C)C(=O)C(Oc1ccc(Cl)cc1)n1cncn1,0
COC(=O)Nc1cccc(OC(=O)Nc2cccc(C)c2)c1,0
C=CC=CCC1=C(C)C(OC(=O)C2C(C=C(C)C)C2(C)C)CC1=O,1
O=[N+]([O-])[O-].O=[N+]([O-])[O-].O=[N+]([O-])[O-].[Cr+3],0
C=C(C)C1Cc2c(ccc3c2OC2COc4cc(OC)c(OC)cc4C2C3=O)O1,1
C=CCSCC=C,0
C1=CC2C3C=CC(C3)C2C1,0
CN(C)C(=S)SSC(=S)N(C)C,0
CCOP(=S)(OCC)Oc1ccc([N+](=O)[O-])cc1,1
Clc1ccc(C(c2ccc(Cl)cc2)C(Cl)Cl)cc1,0
O.c1ccc([Sn](c2ccccc2)c2ccccc2)cc1,0
CC1=CCC2CC1C2(C)C,0
CCC(C)N,0
O=[PH]([O-])[O-].[Na+].[Na+],0
O=C1C2CC=CCC2C(=O)N1SC(Cl)(Cl)Cl,0
Cc1cc([N+](=O)[O-])cc([N+](=O)[O-])c1O,0
O=[N+]([O-])c1c(Cl)c(Cl)c(Cl)c(Cl)c1Cl,0
O=c1[nH]c2c(c(=O)n1C1CCCCC1)CCC2,0
CCSCCSP(=S)(OC)OC,1
C[n+]1ccc(-c2cc[n+](C)cc2)cc1.[Cl-].[Cl-],0
CC1=CCC2C(C1)C2(C)C,0
NC(=O)Cc1cccc2ccccc12,0
[Ca+2].[Cl-].[Cl-],0
F[Al-3](F)(F)(F)(F)F.[Na+].[Na+].[Na+],0
COC(=O)c1ccccc1S(=O)(=O)NC(=O)N(C)c1nc(C)nc(OC)n1,1
CNC1C(OC2C(OC3C(O)C(O)C(N=C(N)N)C(O)C3N=C(N)N)OC(C)C2(O)C=O)OC(CO)C(O)C1O.CNC1C(OC2C(OC3C(O)C(O)C(N=C(N)N)C(O)C3N=C(N)N)OC(C)C2(O)C=O)OC(CO)C(O)C1O.O=S(=O)(O)O.O=S(=O)(O)O.O=S(=O)(O)O,0
CCCCOCCOCCOCc1cc2c(cc1CCC)OCO2,0
[S],0
O=[As]([O-])([O-])O.[Pb+2],1
O=C(O)COc1ccc2ccccc2c1,0
COC(=O)c1ccccc1S(=O)(=O)NC(=O)Nc1nc(C)nc(OC)n1,0
O=C(O)COc1ccc(Cl)cc1,0
C=CC=CCC1=C(C)C(OC(=O)C2C(C=C(C)C(=O)OC)C2(C)C)CC1=O.C=CC=CCC1=C(C)C(OC(=O)C2C(C=C(C)C)C2(C)C)CC1=O,1
C=CC=CCC1=C(C)C(OC(=O)C2C(C=C(C)C(=O)OC)C2(C)C)CC1=O,1
[Cd],0
[Ca+2].[S-]SSS[S-],0
CCOP(=S)(OCC)SCSC(C)(C)C,1
O=C(O)c1cc(Oc2ccc(C(F)(F)F)cc2Cl)ccc1[N+](=O)[O-],0
COC(=O)N(OC)c1ccccc1COc1ccn(-c2ccc(Cl)cc2)n1,0
O.O.O.O.O.O.O.O.O.O.O=BOB([O-])OB([O-])OB=O.[Na+].[Na+],0
O.O.O=[Al]O[Si](=O)O[Si](=O)O[Al]=O,0
CN(C)C(=S)[S-].CN(C)C(=S)[S-].CN(C)C(=S)[S-].[Fe+3],0
Cl[Hg]c1ccccc1,0
O=C([O-])c1cc(Oc2ccc(C(F)(F)F)cc2Cl)ccc1[N+](=O)[O-].[Na+],0
CCC(C)C1OC2(C=CC1C)CC1CC(CC=C(C)C(OC3CC(OC)C(OC4CC(OC)C(O)C(C)O4)C(C)O3)C(C)C=CC=C3COC4C(O)C(C)=CC(C(=O)O1)C34O)O2.COC1CC(OC2C(C)OC(OC3C(C)=CCC4CC(CC5(C=CC(C)C(C(C)C)O5)O4)OC(=O)C4C=C(C)C(O)C5OCC(=CC=CC3C)C45O)CC2OC)OC(C)C1O,1
FC(F)C(F)(F)OCC(Cn1cncn1)c1ccc(Cl)cc1Cl,0
Clc1ccc(C(c2ccccc2Cl)C(Cl)(Cl)Cl)cc1,1
[As],0
COP(=S)(OC)Oc1ccc([N+](=O)[O-])c(C)c1,1
COP(=O)(OC)OC(Br)C(Cl)(Cl)Br,1
CC(C)OC(=O)Nc1ccccc1,0
O=[As]([O-])(O)O.[Na+],1
C#CCOS(=O)OC1CCCCC1Oc1ccc(C(C)(C)C)cc1,0
CNC(C)C1CCC(N)C(OC2C(N)CC(N)C(OC3OCC(C)(O)C(NC)C3O)C2O)O1,0
CCCC1COC(Cn2cncn2)(c2ccc(Cl)cc2Cl)O1,0
Cc1cc(Cl)ccc1OCC(=O)O,0
O=C1C(Cl)C(CCl)CN1c1cccc(C(F)(F)F)c1,0
ClC1=C(Cl)C2(Cl)C3C(Cl)C(Cl)CC3C1(Cl)C2(Cl)Cl,1
CC1CC(C)C(=O)C(C(O)CC2CC(=O)NC(=O)C2)C1,0
CC(C)=CC1C(C(=O)OCc2coc(Cc3ccccc3)c2)C1(C)C,1
CCCCSP(=O)(SCCCC)SCCCC,0
COc1c(-c2ccccc2)oc2c(ccc3occc32)c1=O,0
CC1CCC2(O)C3(C)CC4(O)OC2(C1O)C1(O)C3(O)C(OC(=O)c2ccc[nH]2)C(O)(C(C)C)C41C,0
Nc1c(Cl)cc([N+](=O)[O-])cc1Cl,0
O=C([O-])Cc1cccc2ccccc12.[Na+],0
C=CC(Cl)Cl,1
COc1cc(OC)nc(NC(=O)NS(=O)(=O)Nc2ccccc2C(=O)C2CC2)n1,0
Cc1cc(Cl)ccc1OCC(=O)[O-].[Na+],0
O=[N+]([O-])c1cc(C2CCCCC2)c(O)c([N+](=O)[O-])c1,0
CC(C)N1C(=O)N(c2ccccc2)CSC1=NC(C)(C)C,0
ClC1=C(Cl)C2(Cl)C3C(Cl)C=CC3C1(Cl)C2(Cl)Cl,1
CCCCOC(=O)COc1cc(Cl)c(Cl)cc1Cl,0
ClC1=C(Cl)C2(Cl)C3C4C=CC(C4)C3C1(Cl)C2(Cl)Cl,1
O=[N+]([O-])c1c(Cl)c(Cl)cc(Cl)c1Cl,0
OCC1OC(OC2C(O)C(CO)OC(OC3C(O)C(O)OC(CO)C3O)C2O)C(O)C(O)C1O,0
COP(=O)(OC)Oc1ccc([N+](=O)[O-])cc1,1
C=CCC1=C(C)C(OC(=O)C2C(C=C(C)C)C2(C)C)CC1=O,1
CN(C)C1C(=O)C(C(N)=O)=C(O)C2(O)C(=O)C3=C(O)c4c(O)cccc4C(C)(O)C3C(O)C12,0
CCC(C)c1cc([N+](=O)[O-])cc([N+](=O)[O-])c1OC(=O)OC(C)C,0
ClC1=C(Cl)C2(Cl)C3C4CC(C5OC45)C3C1(Cl)C2(Cl)Cl,1
CCC(C)c1cc([N+](=O)[O-])cc([N+](=O)[O-])c1O,0
CCOP(=O)(OCC)SCCSCC,1
COc1nc(C)nc(NC(=O)NS(=O)(=O)c2ccccc2Cl)n1,0
CC(C)(C)CC(C)(C)c1ccc(OCCO)cc1,0
CC1(C)C(C=C(Cl)Cl)C1C(=O)OCc1cccc(Oc2ccccc2)c1,1
CN(C)C(=S)[S-].CN(C)C(=S)[S-].[Zn+2],0
CC(C)N(C(=O)SCC(Cl)=C(Cl)Cl)C(C)C,0
O=C(Nc1ccccc1)Nc1cnns1,0
COC(=O)NC1C(OC2C(CO)OC(OC3C(CO)OC(O)C(N)C3O)C(N)C2O)OC(CO)C(OC2OC(CO)C(OC3OC(CO)C(OC4OC(CO)C(OC5OC(CO)C(OC6OC(CO)C(OC7OC(CO)C(O)C(O)C7N)C(O)C6N)C(O)C5N)C(O)C4N)C(O)C3N)C(O)C2N)C1O,0
COP(=S)(OC)Oc1ccc(Sc2ccc(OP(=S)(OC)OC)cc2)cc1,1
Cl[Sn](c1ccccc1)(c1ccccc1)c1ccccc1,0
CCOP(=S)(OCC)Oc1cc(C)nc(C(C)C)n1,1
CCOP(=O)=O,0
COP(=S)(OC)Oc1ccc([N+](=O)[O-])c(Cl)c1,1
COC(=O)C1(O)c2ccccc2-c2ccc(Cl)cc21,0
N#Cc1c(Cl)c(Cl)c(Cl)c(C#N)c1Cl,0
CCSCCOP(=S)(OC)OC,1
CC(C)C1(C)N=C(c2ncccc2C(=O)O)NC1=O,0
CCc1ccc(C(c2ccc(CC)cc2)C(Cl)Cl)cc1,1
CC=CC(=O)Oc1c(C(C)CCCCCC)cc([N+](=O)[O-])cc1[N+](=O)[O-],1
CCCOP(=S)(OCCC)OP(=S)(OCCC)OCCC,0
Clc1ccc(CSc2ccc(Cl)cc2)cc1,0
S=C([S-])NCCNC(=S)[S-].[Na+].[Na+],0
CCS(=O)CCSP(=O)(OC)OC,1
CN(C)C(=O)Nc1ccc(Cl)cc1,0
CCCSP(=O)(OCC)SCCC,1
CC(C)OC(=O)Nc1cccc(Cl)c1,0
CCCCCCCCCCCCCCOC(C)=O,0
Nc1ncn[nH]1,0
O=S(=O)([O-])C(F)(F)C(F)(F)C(F)(F)C(F)(F)C(F)(F)C(F)(F)C(F)(F)C(F)(F)F.[Li+],1
CCOP(=S)(OCC)OCCSCC,1
COP(=S)(OC)SCn1nnc2ccccc2c1=O,1
CN(C)P(=O)(F)N(C)C,1
C=C1CC23CC1(O)CCC2C12C=CC(O)C(C)(C(=O)O1)C2C3C(=O)O,0
CC(Cl)(Cl)C(=O)O,0
CC1(C)C(C=C(Cl)Cl)C1C(=O)OC(C#N)c1cccc(Oc2ccccc2)c1,1
CCOP(=S)(OCC)SC1OCCOC1SP(=S)(OCC)OCC,0
NC1(C(=O)O)CC1,0
COP(=S)(OC)Oc1ccc(SC)c(C)c1,1
CCOP(=S)(OCC)SCCSCC,1
CC(Oc1cc(Cl)c(Cl)cc1Cl)C(=O)O,0
CC1=C(O)C(=O)CC1,0
CNC(=S)[S-].[Na+],0
CC(=O)O[Sn](c1ccccc1)(c1ccccc1)c1ccccc1,0
[Ba+2].[S-2],0
O=C(O)c1ccccc1C(=O)Nc1cccc2ccccc12,0
CCNc1nc(Cl)nc(NCC)n1,0
CCSCCSP(=O)(OC)OC,1
CNC.O=C(O)COc1ccc(Cl)cc1Cl,0
COc1nn(CSP(=S)(OC)OC)c(=O)s1,1
CC(C)Nc1nc(Cl)nc(NC(C)C)n1,0
CCOC(=O)C(SP(=S)(OC)OC)c1ccccc1,1
O=C(O)c1c(Cl)ccc(Cl)c1Cl,0
CC(Oc1ccc(Oc2cnc3cc(Cl)ccc3n2)cc1)C(=O)O,0
O=C(O)COc1nc(Cl)c(Cl)cc1Cl,0
CCOP(=S)(OCC)Oc1ccc2c(C)c(Cl)c(=O)oc2c1,1
CCOP(=S)(OCC)SCSCC,1
Cn1c(=O)on(-c2ccc(Cl)c(Cl)c2)c1=O,0
CCCN(CCC)C(=O)SCC,1
O=C([O-])[O-].[Cu+2],0
CCC(C)c1cc([N+](=O)[O-])cc([N+](=O)[O-])c1OC(=O)C=C(C)C,0
N#Cc1c(Cl)cccc1Cl,1
Cc1cc(Cl)ccc1OC(C)C(=O)O,0
CCOP(=S)(OCC)SC(CCl)N1C(=O)c2ccccc2C1=O,1
CCN(CC)C(=O)C(Cl)=C(C)OP(=O)(OC)OC,1
CCOP(=S)(OCC)SCn1c(=O)oc2cc(Cl)ccc21,1
COc1nc(NC(C)C)nc(NC(C)C)n1,0
CN(C)NC(=O)CCC(=O)O,0
C[n+]1ccc(-c2cc[n+](C)cc2)cc1,1
Cc1cc(Cl)ccc1OCCCC(=O)O,0
CC1(C)OCC2OC3(C(=O)O)OC(C)(C)OC3C2O1,0
CC(C)=CCCC(C)=CCCC(C)=CCO,0
Cc1cc(OC(=O)N(C)C)nn1C(=O)N(C)C,1
CCNc1nc(NC(C)C)nc(SC)n1,0
CCNc1nc(Cl)nc(NC(C)C)n1,0
C[N+](C)(C)CCCl,0
CSc1nc(NC(C)C)nc(NC(C)C)n1,0
CCOP(=S)(OCC)SCSc1ccc(Cl)cc1,1
CNC.O=C(O)CCCOc1ccc(Cl)cc1Cl,0
O=C(O)c1ccc(Cl)nc1,0
C[N+](C)(C)CCCl.[Cl-],0
c1ccc2[nH]c(-c3cscn3)nc2c1,1
CC(Oc1ccc(Cl)cc1Cl)C(=O)O,0
c1ccc(CNc2ncnc3nc[nH]c23)cc1,0
CCOP(=S)(Oc1ccc([N+](=O)[O-])cc1)c1ccccc1,1
CCNc1nc(Cl)nc(N(CC)CC)n1,0
CNC(=O)C(C)SCCSP(=O)(OC)OC,1
CC(Cl)(Cl)C(=O)[O-].[Na+],0
CNC(=O)Oc1cc(C)c(N(C)C)c(C)c1,1
O=C1C2(Cl)C3(Cl)C4(Cl)C(Cl)(Cl)C5(Cl)C3(Cl)C1(Cl)C5(Cl)C24Cl,1
c1cc[n+]2c(c1)-c1cccc[n+]1CC2,0
CCc1cccc(CC)c1N(COC)C(=O)CCl,0
COP(=S)(OC)SCc1nc(N)nc(N)n1,1
CCOP(=S)(OCC)Oc1cnccn1,1
COP(=S)(Oc1cc(Cl)c(Br)cc1Cl)c1ccccc1,1
CC(C)(C[Sn](CC(C)(C)c1ccccc1)(CC(C)(C)c1ccccc1)O[Sn](CC(C)(C)c1ccccc1)(CC(C)(C)c1ccccc1)CC(C)(C)c1ccccc1)c1ccccc1,0
CCCCc1c(C)nc(NCC)nc1OS(=O)(=O)N(C)C,0
CCC(C)n1c(=O)[nH]c(C)c(Br)c1=O,0
CN(C)c1ccc(N=NS(=O)(=O)[O-])cc1.[Na+],0
CNC(=O)Oc1ccc(N(C)C)c(C)c1,1
CC1=CC1,1
CCC(C)OC(=O)C1CCC(Cl)CC1C,0
Nc1nc(N)nc(NC2CC2)n1,0
CN(C)C(=O)Nc1ccc(Oc2ccc(Cl)cc2)cc1,0
Cc1cc(OC(=O)N(C)C)n(C(C)C)n1,1
CCCN(CCC)c1c([N+](=O)[O-])cc(C(F)(F)F)cc1[N+](=O)[O-],0
CC1=COC(=O)C2C(C)CCC12,0
COP(=S)(OC)SCSc1ccc(Cl)cc1,1
S=C([S-])NCCNC(=S)S.S=C([S-])NCCNC(=S)S.[NH2-].[Zn],0
Cc1ccc2nc3sc(=O)sc3nc2c1,0
S=c1sc2nc3ccccc3nc2s1,0
S=C([S-])NCCNC(=S)[S-].[Mn+2],0
COP(=O)(OC)OC(C)=CC(=O)N(C)C,1
S=C([S-])NCCNC(=S)[S-].[Zn+2],1
C[As](=O)([O-])[O-].[Na+].[Na+],0
C=C1CC23CC1CCC2C12CCC(O)C(C)(C(=O)O1)C2C3C(=O)O,0
C[As](=O)(O)O,0
CNC(=O)Oc1cc(C)cc(C)c1,1
CON(C)C(=O)Nc1ccc(Cl)cc1,0
CC1OC(OC2C(O)C(O)C(O)C(O)C2O)C(N)CC1N=C(N)C(=O)O.Cl,0
Nc1c(Cl)c(Cl)nc(C(=O)O)c1Cl,0
CNc1nc(NC(C)C)nc(SC)n1,0
O=S1OCC2C(CO1)C1(Cl)C(Cl)=C(Cl)C2(Cl)C1(Cl)Cl,1
CN(C)C(=O)C(c1ccccc1)c1ccccc1,0
COP(=S)(OC)Oc1ccc(S(=O)(=O)N(C)C)cc1,1
ClC1(Cl)C2(Cl)C3(Cl)C4(Cl)C(Cl)(Cl)C5(Cl)C3(Cl)C1(Cl)C5(Cl)C24Cl,1
O=C1C2CC=CCC2C(=O)N1SC(Cl)(Cl)C(Cl)Cl,0
Nc1cc(Cl)cc(C(=O)O)c1Cl,0
Clc1cccc(C(Cl)(Cl)Cl)n1,0
N#Cc1cc(I)c(O)c(I)c1,1
CNC(=O)ON=CC(C)(C)SC,1
CCOP(=O)(OCC)OC(=CCl)c1ccc(Cl)cc1Cl,1
CCOP(=O)(N=C1SCCS1)OCC,1
COC(=O)c1c(Cl)c(Cl)c(C(=O)OC)c(Cl)c1Cl,0
CC(C)OC(=O)C(O)(c1ccc(Br)cc1)c1ccc(Br)cc1,0
COC(=O)C=C(CC(=O)OC)OP(=O)(OC)OC,1
CCOP(=S)(OCC)Oc1ccc(S(C)=O)cc1,1
NC(=S)c1c(Cl)cccc1Cl,0
CCNc1nc(Cl)nc(NC(C)(C)C)n1,0
S=C([S-])NCCNC(=S)[S-].S=C([S-])NCCNC(=S)[S-].[Mn+2].[Zn+2],0
CNC(=O)Oc1cccc2c1OC(C)(C)C2,1
NC1=C(Cl)C(=O)c2ccccc2C1=O,0
COCCCNc1nc(NC(C)C)nc(SC)n1,0
CNC(=O)ON=C(SC)C(=O)N(C)C,1
CCOP(=S)(CC)Oc1cc(Cl)c(Cl)cc1Cl,1
CNC(=O)/C=C(\C)OP(=O)(OC)OC,1
CCOP(=S)(OCC)Oc1nc(Cl)c(Cl)cc1Cl,1
CCCCN(CC)C(=O)SCCC,1
CN(C)c1nc(=O)n(C2CCCCC2)c(=O)n1C,0
CON(C)C(=O)Nc1ccc(Br)c(Cl)c1,0
CC(C)=CC1C(C(=O)OCN2C(=O)C3=C(CCCC3)C2=O)C1(C)C,1
CNC(=O)ON=C(C)SC,1
CNC(=O)Oc1cc(C)cc(C(C)C)c1,1
CC(C)OP(=S)(OC(C)C)SCCNS(=O)(=O)c1ccccc1,1
COP(=O)(OC)OC(C)=CC(=O)OC(C)c1ccccc1,1
CNC(=O)CSP(=O)(OC)OC,1
CN(C)C(=O)Nc1cccc(C(F)(F)F)c1,0
CON(C)C(=O)Nc1ccc(Br)cc1,0
CC(C=CC1(O)C(C)=CC(=O)CC1(C)C)=CC(=O)O,0
CN(C)S(=O)(=O)N(SC(F)(Cl)Cl)c1ccccc1,0
Cc1cc(Cl)ccc1N=CN(C)C,0
CCSC(=O)N1CCCCCC1,1
CCn1cc(C(=O)O)c(=O)c2cc3c(cc21)OCO3,0
CCCCOCN(C(=O)CCl)c1c(CC)cccc1CC,0
CCOP(=O)(NC(C)C)Oc1ccc(SC)c(C)c1,1
COP(=O)(OC)OC(=CCl)c1cc(Cl)c(Cl)cc1Cl,1
C1CCC([Sn](C2CCCCC2)C2CCCCC2)CC1.O,0
CCC=CCC1=C(C)C(OC(=O)C2C(C=C(C)C)C2(C)C)CC1=O,1
CNC(=O)Oc1cccc(N=CN(C)C)c1,1
c1coc(-c2nc3ccccc3[nH]2)c1,0
CCC=CCC1=C(C)C(OC(=O)C2C(C=C(C)C(=O)OC)C2(C)C)CC1=O,1
COC(=O)C(C)Oc1ccc(Oc2ccc(Cl)cc2Cl)cc1,0
CC1=C(C(=O)Nc2ccccc2)SCCO1,0
COC(=O)Nc1nc2ccccc2[nH]1,0
COP(=S)(OC)Oc1cc(Cl)c(I)cc1Cl,1
CCOP(=S)(CC)Sc1ccccc1,1
O=C(O)Cn1c(=O)sc2cccc(Cl)c21,0
O.O=S(=O)([O-])[O-].[Fe+2],0
CNC(=O)Oc1cccc2sccc12,1
CCNc1nc(NC(C)(C)C)nc(SC)n1,1
Clc1cc(Cl)nc(-c2ccccc2)n1,0
N#Cc1cc(Br)c(O)c(Br)c1,1
CNC(=O)Oc1ccccc1C1OCCO1,1
CNC(=O)Oc1cccc(N=CN(C)C)c1.Cl,1
CCCCC=CCCCCCCOC(C)=O,0
Cc1[nH]c(=O)n(C(C)(C)C)c(=O)c1Cl,0
O=C1c2ccccc2C(=O)C1C(=O)C(c1ccccc1)c1ccc(Cl)cc1,1
CCOC(=O)CCC(=O)CC1(O)C2(Cl)C3(Cl)C4(Cl)C(Cl)(Cl)C5(Cl)C3(Cl)C1(Cl)C5(Cl)C42Cl,0
COC(=O)c1nc(Cl)c(Cl)c(N)c1Cl,0
Clc1nc(Cl)nc(Nc2ccccc2Cl)n1,0
COC(=O)NC(=S)Nc1ccccc1NC(=S)NC(=O)OC,0
CNC(=O)ON=CC(C)(C)S(C)(=O)=O,0
CCCCCCCC(=O)Oc1c(Br)cc(C#N)cc1Br,0
OCC1=CC(NC2CC(CO)C(OC3OC(CO)C(O)C(O)C3O)C(O)C2O)C(O)C(O)C1O,1
CC1=C(C(=O)Nc2ccccc2)S(=O)(=O)CCO1,0
CCS(=O)(=O)CCSP(=O)(OC)OC,1
COC(=O)NS(=O)(=O)c1ccc(N)cc1,0
CCOC(=O)NC(=S)Nc1ccccc1NC(=S)NC(=O)OCC,0
C=CCNC(=O)c1c([Si](C)(C)C)sc(C)c1C,0
COc1ccc(NC(=O)N(C)C)cc1Cl,0
OC(c1ccc(Cl)cc1)(c1ccc(Cl)cc1)c1cccnc1,1
CC1CCCCC1NC(=O)Nc1ccccc1,0
CCCCC(CC)COC(=O)COc1ccc(Cl)cc1Cl,0
CCOP(=S)(OCC)ON=C(C#N)c1ccccc1,1
CCCC(C)(C)C(=O)Nc1ccc(Cl)cc1,0
CSc1nnc(C(C)(C)C)c(=O)n1N,0
CCSC(=O)N(CC)C1CCCCC1,1
CCOP(=S)(OCC)Oc1cc(Cl)c(Br)cc1Cl,1
CNC(=O)N(C)c1nc2ccccc2s1,1
Nc1c(Cl)c(Cl)nc(C(=O)[O-])c1Cl.[K+],0
COP(=O)(OC)SCCSC.COP(=S)(OC)OCCSC,1
CCNc1nc(Cl)nc(NC(C)(C)C#N)n1,0
CCCN(CCC)c1c([N+](=O)[O-])cc(S(N)(=O)=O)cc1[N+](=O)[O-],0
CP(=O)(O)CCC(N)C(=O)O,0
CCOC(=O)Nc1cccc(OC(=O)Nc2ccccc2)c1,0
CC(C)N1C(=O)c2ccccc2NS1(=O)=O,0
COP(=O)(OC)Oc1ccc(SC)cc1,1
CP(=O)(O)CCC(N)C(=O)[O-].[NH4+],0
CCNC(=O)C(C)OC(=O)Nc1ccccc1,0
CCOC(=O)c1cn2nc(OP(=S)(OCC)OCC)cc2nc1C,1
CCCCCCCCC=CCCCCCCCCCCCCC,0
O=C(Cc1ccc(-c2ccccc2)cc1)OCCF,0
Cc1nc(N(C)C)nc(OC(=O)N(C)C)c1C,1
CC=C(C)C(=O)OC1CC(OC(C)=O)C2(C(=O)OC)COC3C2C12COC(O)(C(=O)OC)C2C(C)(C12OC1(C)C1CC2OC2OC=CC21O)C3O,1
CC(=O)CCc1ccc(OC(C)=O)cc1,0
O=C(O)CNCP(=O)(O)O,0
CCN(CC)c1nc(C)cc(OP(=S)(OC)OC)n1,1
COP(N)(=O)SC,1
CC(C)Oc1cc(-n2nc(C(C)(C)C)oc2=O)c(Cl)cc1Cl,0
ClCC1(C(Cl)Cl)C2CC(Cl)(Cl)C1(CCl)C(Cl)C2Cl,1
CCCN(CCC)c1c([N+](=O)[O-])cc(C(C)C)cc1[N+](=O)[O-],1
CCOP(=S)(OCC)Oc1ncn(-c2ccccc2)n1,0
C#CC(C)(C)NC(=O)c1cc(Cl)cc(Cl)c1,0
CNC(=O)Oc1cccc2c1OC(C)(C)O2,1
CCOP(=S)(OCC)Oc1cc(C)nc(N(CC)CC)n1,1
Cc1ccc(NC(=O)N(C)C)cc1Cl,0
CCCC=CCCCCCCCO,1
CCN(CC)C(=O)C(C)Oc1cccc2ccccc12,0
CNC(=O)ON=CC(C)(C)S(C)=O,1
CCN(CC)C(=O)SCc1ccc(Cl)cc1,0
O=C(NC(=O)c1c(F)cccc1F)Nc1ccc(Cl)cc1,1
ClC(=NNc1c(Cl)cc(Cl)cc1Cl)c1ccccc1,1
CC(C)=NOC(=O)Nc1ccccc1,0
CC1CCCCN1CCCOC(=O)c1ccc(Cl)c(Cl)c1,0
COP(=S)(OC)Oc1nc(Cl)c(Cl)cc1Cl,1
CC1CN(C2CCCCCCCCCCC2)CC(C)O1,0
CCCN(CCCl)c1c([N+](=O)[O-])cc(C(F)(F)F)cc1[N+](=O)[O-],0
CCC(C)Nc1c([N+](=O)[O-])cc(C(C)(C)C)cc1[N+](=O)[O-],0
O=C([O-])c1ccccc1C(=O)Nc1cccc2ccccc12.[Na+],0
CCCC=CCCCCCCCOC(C)=O,0
CC=CC=CCCCCCCCO,0
CNC(=O)ON=C(CSC)C(C)(C)C,1
CC1=CC(=O)CCC1,0
CCOC(=O)C=C(C)C=CCC(C)CCCC(C)C,1
COC(C)(C)CCCC(C)CC=CC(C)=CC(=O)OC(C)C,1
C=CCOC(Cn1ccnc1)c1ccc(Cl)cc1Cl,0
COC(=O)c1cc(Oc2ccc(Cl)cc2Cl)ccc1[N+](=O)[O-],0
CCSc1nc(NC(C)C)nc(NC(C)C)n1,0
CNc1cnn(-c2cccc(C(F)(F)F)c2)c(=O)c1Cl,0
CCOP(=S)(OCC)Oc1cc(-c2ccccc2)on1,1
O=S(=O)(CCC(F)=C(F)F)c1ncc(Cl)s1,0
CCC=CCC1C(=O)CCC1CC(=O)O,0
O=C(Nc1ccccc1)Nc1ccnc(Cl)c1,0
CC=CCC1=C(C)C(OC(=O)C2C(C=C(C)C(=O)OC)C2(C)C)CC1=O,1
CC=CCC1=C(C)C(OC(=O)C2C(C=C(C)C)C2(C)C)CC1=O,1
CC(C)N.O=C(O)CNCP(=O)(O)O,0
Cl.NCCOC=CC(N)C(=O)O,0
CC12CCCC(C)(OC1)O2,0
C=C(C)CN(CC)c1c([N+](=O)[O-])cc(C(F)(F)F)cc1[N+](=O)[O-],0
CCNc1nc(NC(C)(C)C)nc(OC)n1,0
C=CC[N+]1(CCC(C)CCCC(C)C)CCCCC1.[Br-],0
CNC(=O)N(C)c1nnc(C(C)(C)C)s1,0
CCC12OCC(O1)C(C)CC2C,0
CCSCc1ccccc1OC(=O)NC,1
CS(=O)(=O)c1ccc(C(=O)C2C(=O)CCCC2=O)c(Cl)c1COCC(F)(F)F,0
CC(CNC(=S)[S-])NC(=S)[S-].[Zn+2],0
CC1(C)CCCC(=CC=O)C1,0
NC(N)=NCCCCCCCCNCCCCCCCCN=C(N)N,0
CC1(C)C(C(=O)OC(C#N)c2cccc(Oc3ccccc3)c2)C1(C)C,1
CC12CC3OC(C1)C2C(C)(C)O3,0
N#Cc1nn(-c2c(Cl)cc(C(F)(F)F)cc2Cl)c(N)c1S(=O)C(F)(F)F,1
Cn1cc(-c2ccccc2)c(=O)c(-c2cccc(C(F)(F)F)c2)c1,0
COc1ccc(C(O)(c2cncnc2)C2CC2)cc1,0
Cc1nnc(-c2ccccc2)c(=O)n1N,0
C#CCOC(=O)C=C(C)C=CCC(C)CCCC(C)C,0
O=C(NC(=O)c1c(F)cccc1F)Nc1cc(Cl)c(OC(F)(F)C(F)C(F)(F)F)cc1Cl,0
CC1(C)C(C(=O)OC(C#N)c2cccc(Oc3ccccc3)c2)C1C(Br)C(Br)(Br)Br,1
CCOC(=O)c1ccccc1S(=O)(=O)NC(=O)Nc1nc(Cl)cc(OC)n1,0
CC(C1CC1)C(O)(Cn1cncn1)c1ccc(Cl)cc1,0
OC(c1ccc(Cl)cc1)(c1cncnc1)c1ccccc1Cl,1
Cc1cc(Cl)ccc1OCCCC(=O)[O-].[Na+],0
CCCCCCCCSCCO,0
CCCSP(=S)(OCC)Oc1ccc(SC)cc1,1
O=C(NCCc1ncc(C(F)(F)F)cc1Cl)c1ccccc1C(F)(F)F,0
CCOc1cc(Oc2ccc(C(F)(F)F)cc2Cl)ccc1[N+](=O)[O-],0
CC(C)C(C(=O)OC(C#N)c1cccc(Oc2ccccc2)c1)c1ccc(Cl)cc1,1
CCOCn1c(-c2ccc(Cl)cc2)c(C#N)c(Br)c1C(F)(F)F,1
Cc1cc(=O)[nH]o1,0
CC1(C)OCC2OC3(C(=O)[O-])OC(C)(C)OC3C2O1.[Na+],0
C=CC1(C)OC(=O)N(c2cc(Cl)cc(Cl)c2)C1=O,0
O=C(O)c1nc(Cl)ccc1Cl,0
CC(C)NC(=O)N1CC(=O)N(c2cc(Cl)cc(Cl)c2)C1=O,0
CC12CC1(C)C(=O)N(c1cc(Cl)cc(Cl)c1)C2=O,0
OC(c1ccc(F)cc1)(c1cncnc1)c1ccccc1Cl,0
CCOP(=S)(OCC)OC(=CCl)c1cc(Cl)ccc1Cl,1
CC1(C)C(C=C(Br)Br)C1C(=O)OC(C#N)c1cccc(Oc2ccccc2)c1,1
c1ncn([Sn](C2CCCCC2)(C2CCCCC2)C2CCCCC2)n1,0
OC(Cn1cncn1)(c1ccc(F)cc1)c1ccccc1F,1
COCCN(C(=O)CCl)c1c(C)cccc1C,0
CC(C)c1ccc(NC(=O)N(C)C)cc1,0
COC(=O)C(C)N(C(=O)c1ccco1)c1c(C)cccc1C,1
COc1ccc(Oc2ccc(NC(=O)N(C)C)cc2)cc1,0
CNC(=O)Oc1ccccc1C(C)C,1
CC(=O)Nc1cc(NS(=O)(=O)C(F)(F)F)c(C)cc1C,0
CCCCC=CCCCCOC(C)=O,0
CCc1cccc(C)c1N(C(=O)CCl)C(C)COC,0
CCCSP(=O)(OCC)Oc1ccc(Br)cc1Cl,1
O=C(NC(=O)c1c(F)cccc1F)Nc1ccc(C(F)(F)F)cc1,1
Cc1cccc2sc3nncn3c12,0
CC(C)(C)C(O)C(Oc1ccc(Cl)cc1)n1cncn1,0
CCOP(=O)([O-])C(N)=O.[NH4+],0
O=C(NC(=O)c1ccccc1Cl)Nc1ccc(OC(F)(F)F)cc1,0
CC(C)(C)C(O)C(Oc1ccc(-c2ccccc2)cc1)n1cncn1,0
CCCN(CCC)c1c([N+](=O)[O-])cc(C(F)(F)F)c(N)c1[N+](=O)[O-],0
ClC1=C(Cl)C(Cl)(C2(Cl)C(Cl)=C(Cl)C(Cl)=C2Cl)C(Cl)=C1Cl,0
COCC(=O)N(c1c(C)cccc1C)C(C)C(=O)OC,0
CCOP(=O)(O)C(N)=O,0
CCCCCCCCSC(=O)Oc1cc(Cl)nnc1-c1ccccc1,0
CC(C)C(C(=O)OC(C#N)c1cccc(Oc2ccccc2)c1)c1ccc(OC(F)F)cc1,1
C[N+]1(C)CCCCC1.[Cl-],0
CC(=O)[O-].CC(=O)[O-].[Cu+2],0
CCCN(CCOc1c(Cl)cc(Cl)cc1Cl)C(=O)n1ccnc1,0
CC1=CCC2CC(CC3(CCC(C)C(C)O3)O2)OC(=O)C2C=C(C)C(O)C3OCC(=CC=CC(C)C1)C23O,1
CCC1OC2(CCC1C)CC1CC(CC=C(C)CC(C)C=CC=C3COC4C(O)C(C)=CC(C(=O)O1)C34O)O2,1
CCOc1cc(OP(=S)(OC)OC)nc(CC)n1,1
C=CC(=C)CC(O)CC(C)C,0
CSC(C)=NOC(=O)N(C)SN(C)C(=O)ON=C(C)SC,1
Cc1ccc(N(SC(F)(Cl)Cl)S(=O)(=O)N(C)C)cc1,0
CCNC(=O)NC(=O)C(C#N)=NOC,0
CCOP(=O)(N=C1SCC(C)S1)OCC,1
C1CCC2(CCCCO2)OC1,0
CC(C)(C)C(=O)C(Oc1ccc(Cl)cc1)n1ccnc1,1
CC(C)C(C)C(O)C(O)C(C)C1CCC2C3COC(=O)C4CC(O)C(O)CC4(C)C3CCC12C,1
COS(=O)(=O)[O-].Cn1c(-c2ccccc2)cc(-c2ccccc2)[n+]1C,0
CC(Cc1ccc(C(C)(C)C)cc1)CN1CCCCC1,1
CCCOC(=O)NCCCN(C)C,0
CC(C)(C)C(O)C(Cc1ccc(Cl)cc1Cl)n1cncn1.CC(C)(C)C(O)C(Cc1ccc(Cl)cc1Cl)n1cncn1,1
CCCOC(=O)NCCCN(C)C.Cl,0
CCN(CC)CC.O=C(O)COc1nc(Cl)c(Cl)cc1Cl,0
O=S(=O)([O-])C(F)(F)C(F)(F)C(F)(F)C(F)(F)C(F)(F)C(F)(F)C(F)(F)C(F)(F)F.[K+],1
CN(C)C(CSC(N)=O)CSC(N)=O.Cl,1
Cc1cccc(C)c1N(C(=O)CCl)C1CCOC1=O,0
CC1=C(C)S(=O)(=O)CCS1(=O)=O,0
CN(C)C1CSSSC1.O=C(O)C(=O)O,0
CC(C)=CC1C(C(=O)OC(C#N)c2cccc(Oc3ccccc3)c2)C1(C)C,1
CC(Oc1ccc(Oc2ccc(Cl)cc2Cl)cc1)C(=O)O,0
CCCCOC(=O)C(C)Oc1ccc(Oc2ccc(C(F)(F)F)cn2)cc1,0
CCCCCCCC(=O)Oc1c(I)cc(C#N)cc1I,1
CN(C)C(=O)Nc1ccc(-n2nc(C(C)(C)C)oc2=O)c(Cl)c1,0
O=C(Nc1ccccc1)N(Cc1ccc(Cl)cc1)C1CCCC1,0
CCOP(=S)(OCC)Oc1ccc(=O)n(-c2ccccc2)n1,1
NC(=O)OCC(O)C(O)C(N)C(=O)NC(C(=O)O)C1OC(n2cc(C(=O)O)c(=O)[nH]c2=O)C(O)C1O,0
COP(=O)(OC)SCn1c(=O)oc2cc(Cl)cnc21,1
COP(N)(=S)Oc1ccccc1C(=O)OC(C)C,1
CC(C)OC(=O)c1cc(C(=O)OC(C)C)cc([N+](=O)[O-])c1,0
CCOC(=O)C1(C)OC(=O)N(c2cc(Cl)cc(Cl)c2)C1=O,0
C#CCC1=C(C)C(OC(=O)C2C(C=C(C)C)C2(C)C)CC1=O,1
COP(=S)(OC)Oc1c(Cl)cc(C)cc1Cl,0
CNC(=O)ON=C(C)C(C)SC,1
O=C(NC(=O)c1c(F)cccc1F)Nc1cc(Cl)c(F)c(Cl)c1F,0
COC(=O)N(C(=O)N1COC2(C(=O)OC)Cc3cc(Cl)ccc3C2=N1)c1ccc(OC(F)(F)F)cc1,1
Cc1c(F)c(F)c(COC(=O)C2C(C=C(Cl)C(F)(F)F)C2(C)C)c(F)c1F,1
CCOC(=O)NCCOc1ccc(Oc2ccccc2)cc1,0
C#CCOC(=O)C(C)Oc1ccc(Oc2ncc(Cl)cc2F)cc1,0
Cc1c(COC(=O)C2C(C=C(Cl)C(F)(F)F)C2(C)C)cccc1-c1ccccc1,1
CC1(C)C(C=C(Cl)c2ccc(Cl)cc2)C1C(=O)OC(C#N)c1ccc(F)c(Oc2ccccc2)c1,1
COC(=O)c1ccccc1S(=O)(=O)NC(=O)Nc1nc(C)cc(C)n1,0
Cc1cc(C)c(C2=C(OC(=O)CC(C)(C)C)C3(CCCC3)OC2=O)c(C)c1,0
CC1(C)CN=C(NN=C(C=Cc2ccc(C(F)(F)F)cc2)C=Cc2ccc(C(F)(F)F)cc2)NC1,0
COC(=O)C(C)N(C(=O)Cc1ccccc1)c1c(C)cccc1C,0
NCCOC=CC(N)C(=O)O,0
CCNc1nc(NC(C)C(C)C)nc(SC)n1,0
Cc1cc(C)nc(NC(=O)NS(=O)(=O)c2ccccc2C(=O)O)n1,0
CCCOP(=S)(OCCC)SCC(=O)N1CCCCC1C,0
CCOC(=O)C(C)Oc1ccc(Oc2cnc3cc(Cl)ccc3n2)cc1,1
CCCCC=CCCCCO,0
NC(N)=NCC(O)CC(O)(C(=O)O)C1OC(n2cc(CO)c(N)nc2=O)C=CC1NC(=O)C(N)CO,0
CC(Oc1ccc(Oc2ncc(C(F)(F)F)cc2Cl)cc1)C(=O)O,0
CS(=O)(=O)NC(=O)c1cc(Oc2ccc(C(F)(F)F)cc2Cl)ccc1[N+](=O)[O-],0
[O-][n+]1nc(-n2ccnc2)nc2ccc(Cl)cc21,0
COCC(=O)N(c1c(C)cccc1C)N1CCOC1=O,0
Nc1c(Cl)c(F)nc(OCC(=O)O)c1Cl,0
Cc1cccc(C)c1N(Cn1cccn1)C(=O)CCl,0
CN(C)C1CSSSC1,0
CCC(C)OC(=O)C1CC=CCC1C,0
CCOC1Oc2ccc(OS(C)(=O)=O)cc2C1(C)C,0
CC1(C)C(C=C(Cl)Cl)C1C(=O)OC(C#N)c1ccc(F)c(Oc2ccccc2)c1,1
C[N+]1(C)CCCCC1,0
CC(C)(C)C(O)C(=Cc1ccc(Cl)cc1Cl)n1cncn1,0
CC(COc1ccc(Oc2ccccc2)cc1)Oc1ccccn1,0
O=C(NC(=O)c1c(F)cccc1F)Nc1cc(Cl)c(Oc2ncc(C(F)(F)F)cc2Cl)c(Cl)c1,0
N#CC(=NOCC1OCCO1)c1ccccc1,0
CC(Cc1ccc(C(C)(C)C)cc1)CN1CC(C)OC(C)C1,0
CC(C)C1(C)N=C(c2nc3ccccc3cc2C(=O)O)NC1=O,1
Clc1ccccc1-c1nnc(-c2ccccc2Cl)nn1,0
CC(=O)O.CC1CN(C2CCCCCCCCCCC2)CC(C)O1,0
CCCOCC(=Nc1ccc(Cl)cc1C(F)(F)F)n1ccnc1,0
O=C(NC(=O)c1c(F)cccc1F)Nc1cc(Cl)c(OC(F)(F)C(F)F)c(Cl)c1,0
CN(C)C(CSS(=O)(=O)c1ccccc1)CSS(=O)(=O)c1ccccc1,0
CC(Oc1ccc(Oc2ncc(C(F)(F)F)cc2Cl)cc1)C(=O)[O-].[Na+],0
O=C1CCc2cccc3c2N1CC3,0
CCOc1ccc(C(C)(C)COCc2cccc(Oc3ccccc3)c2)cc1,1
CCCCOCCOC(=O)COc1nc(Cl)c(Cl)cc1Cl,0
COc1nc(C)nc(NC(=O)NS(=O)(=O)c2ccccc2C(=O)O)n1,0
CC(C)(C)C(O)C(Cc1ccc(Cl)cc1)n1cncn1,1
CCCCC(C#N)(Cn1cncn1)c1ccc(Cl)cc1,0
CC(C)C(O)(c1ccc(OC(F)(F)F)cc1)c1cncnc1,0
CCOP(=O)=O.CCOP(=O)=O.CCOP(=O)=O.[Al+3],0
CCOc1ccc(NC(=O)OC(C)C)cc1OCC,0
Cc1ccccc1C(=O)Nc1cccc(OC(C)C)c1,0
Cc1ccccc1COC1CC2(C(C)C)CCC1(C)O2,0
CCOC(=O)C(C)OC(=O)c1cc(Oc2ccc(C(F)(F)F)cc2Cl)ccc1[N+](=O)[O-],0
CC(C)(C)C(O)C(=Cc1ccc(Cl)cc1)n1cncn1,0
CC1C(c2ccc(Cl)cc2)SC(=O)N1C(=O)NC1CCCCC1,0
CCC(C)(CC)c1cc(NC(=O)c2c(OC)cccc2OC)on1,0
[K+].[K+].[O-]P([O-])O,0
COP(=S)(NC(C)C)Oc1ccccc1C(=O)OC(C)C,1
O=C(NC(=O)c1c(F)cccc1F)Nc1ccc(Oc2ccc(C(F)(F)F)cc2Cl)cc1F,0
CCOC(=O)CCN(SN(C)C(=O)Oc1cccc2c1OC(C)(C)C2)C(C)C,1
CC(C)c1cc(Oc2ccccc2)cc(C(C)C)c1NC(=S)NC(C)(C)C,1
COc1nc(C)nc(NC(=O)NS(=O)(=O)c2ccccc2OCCCl)n1,0
CCc1cnc(C2=NC(C)(C(C)C)C(=O)N2)c(C(=O)O)c1,0
CC(C)(C)C(O)(CCc1ccc(Cl)cc1)Cn1cncn1,0
Nc1c([N+](=O)[O-])ccc(Oc2ccccc2)c1Cl,0
CCOC(=O)C(C)Oc1ccc(Oc2nc3ccc(Cl)cc3o2)cc1,0
CC1(C)CON(Cc2ccccc2Cl)C1=O,0
CN(C)C(=O)SCCCCOc1ccccc1,0
C[Si](Cn1cncn1)(c1ccc(F)cc1)c1ccc(F)cc1,0
CCNS(=O)(=O)C(F)(F)C(F)(F)C(F)(F)C(F)(F)C(F)(F)C(F)(F)C(F)(F)C(F)(F)F,1
CCCCN(CCC(=O)OCC)C(C)=O,0
CNC1=C(c2cccc(C(F)(F)F)c2)C(=O)C(c2ccccc2)O1,0
CCOC(=O)c1cnn(C)c1S(=O)(=O)NC(=O)Nc1nc(OC)cc(OC)n1,0
O=C(Nc1ccc(F)cc1F)c1cccnc1Oc1cccc(C(F)(F)F)c1,0
CSC(=O)c1c(C(F)F)nc(C(F)(F)F)c(C(=O)SC)c1CC(C)C,0
Cc1cnc2c(C(=O)O)c(Cl)ccc2c1,0
O=C(O)c1c(Cl)ccc2cc(Cl)cnc12,0
Cc1ccc(C(=O)O)c(C2=NC(C)(C(C)C)C(=O)N2)c1,0
CCCSP(=O)(OCC)Oc1cnn(-c2ccc(Cl)cc2)c1,1
C=CCCCOC(=O)C(CC)N(Cc1ccco1)C(=O)n1ccnc1,0
COC(=O)c1sccc1S(=O)(=O)NC(=O)Nc1nc(C)nc(OC)n1,1
COC(=O)c1ccccc1CS(=O)(=O)NC(=O)Nc1nc(OC)cc(OC)n1,0
CC(C)Oc1cccc(NC(=O)c2ccccc2C(F)(F)F)c1,0
CCOc1ccc([Si](C)(C)CCCc2ccc(F)c(Oc3ccccc3)c2)cc1,1
CCN(Cc1c(F)cccc1Cl)c1c([N+](=O)[O-])cc(C(F)(F)F)cc1[N+](=O)[O-],0
COc1cc(OC)nc(NC(=O)NS(=O)(=O)Cc2ccccc2C(=O)O)n1,0
Cc1c(Cl)cc(-c2ccc(=O)[nH]n2)cc1Cl,0
COC(=O)c1ccccc1S(=O)(=O)NC(=O)Nc1nc(OC(F)F)cc(OC(F)F)n1,0
CCC(Nc1ncnc(C)c1Cl)c1ccc(OC(F)F)cc1,1
CCCOCCN(C(=O)CCl)c1c(CC)cccc1CC,0
COC(=O)c1cc(C)ccc1C1=NC(C)(C(C)C)C(=O)N1.COC(=O)c1ccc(C)cc1C1=NC(C)(C(C)C)C(=O)N1,0
COc1cccc(C(=O)NN(C(=O)c2cc(C)cc(C)c2)C(C)(C)C)c1C,0
COCc1cnc(C2=NC(C)(C(C)C)C(=O)N2)c(C(=O)O)c1,0
CC=CC(O)CC(C)C,0
CCCOc1nn(C([O-])=NS(=O)(=O)c2ccccc2C(=O)OC)c(=O)n1C.[Na+],0
CC(C)(C)N(NC(=O)c1ccc(Cl)cc1)C(=O)c1ccccc1,0
CCCCC(O)(Cn1cncn1)c1ccc(Cl)cc1Cl,0
CC(C)(C)c1ccc(CSc2cnn(C(C)(C)C)c(=O)c2Cl)cc1,1
CC(C)(COCc1cccc(Oc2ccccc2)c1)c1ccc(OC(F)(F)Br)cc1,1
Fc1ccc(Oc2ccnc3cc(Cl)cc(Cl)c23)cc1,0
COC(=O)CSc1cc(N=c2sc(=O)n3n2CCCC3)c(F)cc1Cl,0
Nc1cc(Cl)nc(C(=O)O)c1Cl,1
COc1cc(OC)nc(NC(=O)NS(=O)(=O)c2ncccc2C(F)(F)F)n1,0
CNC(=O)c1cc(Cl)cc(C)c1NC(=O)c1cc(Br)nn1-c1ncccc1Cl,1
CCc1nn(C)c(C(=O)NCc2ccc(C(C)(C)C)cc2)c1Cl,1
CC1(C)CCC(=Cc2ccc(Cl)cc2)C1(O)Cn1cncn1,0
Cc1cc(C)nc(Nc2ccccc2)n1,0
Cc1c(Br)c2ccc(F)cc2n1S(=O)(=O)c1ncn(S(=O)(=O)N(C)C)n1,0
CCC(C)N(C(=O)SCc1ccccc1)C(C)CC,0
CCC(C)(NC(=O)c1cc(Cl)c(C)c(Cl)c1)C(=O)CCl,0
CCSC(C)CC1CC(=O)C(=C(CC)NOCC=CCl)C(=O)C1,0
Cc1c(C(=O)c2c[nH]n(C)c2=O)ccc(S(C)(=O)=O)c1C1=NOCC1,0
CCC(=O)C1C(=O)CC(C(=O)O)CC1=O,0
CCOC(=O)CN(C(=O)CCl)c1c(CC)cccc1CC,0
COc1cc(Cl)nc(NC(=O)NS(=O)(=O)c2ccccc2C(=O)O)n1,0
COc1ccc(C(=CC(=O)N2CCOCC2)c2ccc(Cl)cc2)cc1OC,0
CCOP(=S)(OCC)OC(Cl)C(Cl)(Cl)Cl,1
C#CCN1C(=O)COc2cc(F)c(N3C(=O)C4=C(CCCC4)C3=O)cc21,0
CC(C)=NOCCOC(=O)C(C)Oc1ccc(Oc2cnc3cc(Cl)ccc3n2)cc1,0
CCCCCOC(=O)COc1cc(N2C(=O)C3=C(CCCC3)C2=O)c(F)cc1Cl,0
O=C(NC(=O)c1c(F)cccc1F)Nc1ccc(CON=C(c2ccc(Cl)cc2)C2CC2)cc1,0
CC(C)OC(=O)C(C)N(C(=O)c1ccccc1)c1ccc(F)c(Cl)c1,0
COCCOc1ccccc1S(=O)(=O)NC(=O)Nc1nc(OC)nc(OC)n1,0
Cc1ccn2nc(S(=O)(=O)Nc3c(F)cccc3F)nc2n1,0
O=S(=O)([O-])[O-].O=S(=O)([O-])[O-].[Al+3].[NH4+],0
CC[NH+](CC)CCOCc1ccc(C)cc1.[Cl-],0
CC1COC(Cn2cncn2)(c2ccc(Oc3ccc(Cl)cc3)cc2Cl)O1,0
CCc1ccc(C(=O)NN(C(=O)c2cc(C)cc(C)c2)C(C)(C)C)cc1,0
O=[N+]([O-])c1cc(C(F)(F)F)c(Cl)c([N+](=O)[O-])c1Nc1ncc(C(F)(F)F)cc1Cl,0
O=[N+]([O-])NC1=NCCN1Cc1ccc(Cl)nc1,1
N#CC(CCc1ccc(Cl)cc1)(Cn1cncn1)c1ccccc1,1
CCCCCCC(C)OC(=O)COc1nc(F)c(Cl)c(N)c1Cl,0
CC(Oc1ccc(Oc2cnc3cc(Cl)ccc3n2)cc1)C(=O)OCC1CCCO1,0
CCS(=O)(=O)c1nc2ccccn2c1S(=O)(=O)NC(=O)Nc1nc(OC)cc(OC)n1,0
O=C(O)COC(=O)c1cc(Oc2ccc(C(F)(F)F)cc2Cl)ccc1[N+](=O)[O-],0
COc1nc(C)nc(NC(=O)NS(=O)(=O)c2ccsc2C(=O)O)n1,1
COc1ncc(F)c2nc(S(=O)(=O)Nc3c(F)cccc3F)nn12,0
COc1cc(OC)nc(NC(=O)NS(=O)(=O)c2ncccc2C(=O)N(C)C)n1,1
O=C(Oc1ccccc1)n1c(C(F)(F)F)nc2cc(Cl)c(Cl)cc21,0
COC(=O)C(C)Oc1ccc(Oc2ncc(C(F)(F)F)cc2Cl)cc1,0
COC(=O)c1c(C(F)F)nc(C(F)(F)F)c(C2=NCCS2)c1CC(C)C,0
CCOC(=O)CSc1nc(C(C)(C)C)nn1C(=O)N(C)C,0
CON=C(C(=O)OC)c1ccccc1CON=C(C)c1cccc(C(F)(F)F)c1,0
Cc1cnc(C2=NC(C)(C(C)C)C(=O)N2)c(C(=O)O)c1,0
N#Cc1c[nH]cc1-c1cccc(Cl)c1Cl,1
CC(C)(C)c1ccc(CCOc2ncnc3ccccc23)cc1,1
CC(C)N(C(=O)COc1nnc(C(F)(F)F)s1)c1ccc(F)cc1,0
CON=C(C(=O)OC)c1ccccc1COc1ccccc1C,0
CS(=O)(=O)c1ccc(C(=O)C2C(=O)CCCC2=O)c(Cl)c1,0
N#Cc1c[nH]cc1-c1cccc2c1OC(F)(F)O2,0
CCCCOC(=O)C(C)Oc1ccc(Oc2ccc(C#N)cc2F)cc1,0
COP(=S)(OC)SCC(=O)N(c1ccc(Cl)cc1)C(C)C,1
Cc1cc(C(F)(C(F)(F)F)C(F)(F)F)ccc1NC(=O)c1cccc(I)c1C(=O)NC(C)(C)CS(C)(=O)=O,0
CCCCCCCCCCCCC1=C(OC(C)=O)C(=O)c2ccccc2C1=O,0
O=C(O)c1nc(C(Cl)(Cl)Cl)n(-c2ccc(Cl)cc2Cl)n1,0
CCOP(=O)(SC(C)CC)N1CCSC1=O,1
CC(=O)O.CC(=O)O.CC(=O)O.NC(N)=NCCCCCCCCNCCCCCCCCN=C(N)N,0
Cc1nn(C)c(Oc2ccccc2)c1C=NOCc1ccc(C(=O)OC(C)(C)C)cc1,0
CCOc1nc(NC)nc(NC(=O)NS(=O)(=O)c2ccccc2C(=O)OC)n1,1
Cc1nn(-c2cc(NS(C)(=O)=O)c(Cl)cc2Cl)c(=O)n1C(F)F,0
CCCN(CCC)C(=O)SCc1ccccc1,0
Nc1nc(C2CC2)nc(C(=O)O)c1Cl,0
CCc1c(C(=O)O)c(=O)cnn1-c1ccc(Cl)cc1,0
CSC(=O)c1cccc2nnsc12,0
CCOC(=O)C(Cl)Cc1cc(-n2nc(C)n(C(F)F)c2=O)c(F)cc1Cl,0
CC1COc2ccccc2N1C(=O)C(Cl)Cl,0
CC(C)N(Cc1ccccc1)C(=O)C(C)(C)C,0
OC(Cc1ccccc1Cl)(Cn1[nH]cnc1=S)C1(Cl)CC1,0
CC1=NNC(=O)N(N=Cc2cccnc2)C1,0
Cc1ccc(N=c2sccn2C)c(C)c1,0
CCOP(=O)(SC(C)CC)SC(C)CC,1
CCS(=O)(=O)c1cccnc1S(=O)(=O)NC(=O)Nc1nc(OC)cc(OC)n1,0
COc1cc(OC)nc(NC(=O)NS(=O)(=O)Nc2ccccc2C(=O)N(C)C)n1,0
O=c1c2cc(F)ccc2nc(-n2cncn2)n1-c1ccc(Cl)cc1Cl,0
COc1nc(C)nc(N(C)C(=O)NS(=O)(=O)c2ccccc2C(=O)O)n1,1
COc1cc(OC)nc(NC(=O)NS(=O)(=O)N(C)S(C)(=O)=O)n1,0
COC(=O)c1cccc(C)c1S(=O)(=O)NC(=O)Nc1nc(OCC(F)(F)F)nc(N(C)C)n1,0
COc1cc(OC)nc(NC(=O)NS(=O)(=O)c2c(Cl)nc3ccccn23)n1,0
Cc1cccc(C(=O)O)c1S(=O)(=O)NC(=O)Nc1nc(OCC(F)(F)F)nc(N(C)C)n1,0
COc1cc(OC)n2nc(S(=O)(=O)Nc3c(Cl)ccc(C)c3Cl)nc2n1,0
COC=C(C(=O)OC)c1ccccc1Oc1cc(Oc2ccccc2C#N)ncn1,0
CCCCCC(C)OC(=O)COc1ccc(Cl)c2cccnc12,0
CC1(C)OC(c2ccco2)CN1C(=O)C(Cl)Cl,0
CCOc1nc(NC)nc(NC(=O)NS(=O)(=O)c2ccccc2C(=O)O)n1,0
COc1cc(OC)nc(Sc2cccc(Cl)c2C(=O)[O-])n1.[Na+],0
CC(Oc1ccc(Oc2ncc(Cl)cc2F)cc1)C(=O)O,0
C#CCN1CC(=O)N(COC(=O)C2C(C=C(C)C)C2(C)C)C1=O,1
O=[N+]([O-])c1ccc(NS(=O)(=O)c2ccc(Cl)c(C(F)(F)F)c2)c(Cl)c1,0
OCc1ccc(Cl)nc1,0
Clc1ccc(C2(Cn3cncn3)CC(Br)CO2)c(Cl)c1,0
CC#Cc1cc(C)nc(Nc2ccccc2)n1,0
CCN(CC)C(=O)SCc1ccccc1Cl,0
CCCCC(C)CCC(=O)OCC,0
CCOC(=O)CCN(Cc1ccccc1)SN(C)C(=O)ON=C(C)SC,1
COc1ccc(C(=CC(=O)N2CCOCC2)c2ccc(F)cc2)cc1OC,0
CC(Oc1ccc(Oc2nc3ccc(Cl)cc3o2)cc1)C(=O)O,0
CCC1OCC(COc2ccc(Oc3ccccc3)cc2)O1,0
CCOc1nc(F)cc2nc(S(=O)(=O)Nc3c(Cl)cccc3C(=O)OC)nn12,0
O=C(NC(=O)c1c(F)cccc1F)Nc1ccc(OC(F)(F)C(F)OC(F)(F)F)c(Cl)c1,0
C#CCOc1cc(-n2nc(C(C)(C)C)oc2=O)c(Cl)cc1Cl,0
CCOCCc1ccc(OCCNc2ncnc(CC)c2Cl)c(C)c1C,1
Fc1ccc(C2(Cn3cncn3)OC2c2ccccc2Cl)cc1,0
Cc1cc(C2CC2)nc(Nc2ccccc2)n1,0
CCCN(CC)CC1COC2(CCC(C(C)(C)C)CC2)O1,1
COc1nc(C)nc(NC(=O)NS(=O)(=O)c2ccccc2CCC(F)(F)F)n1,0
CCOP(=S)(OCC)Oc1cnc(C(C)(C)C)nc1,1
CC(=NC#N)N(C)Cc1ccc(Cl)nc1,1
CC1(c2ccc(Oc3ccccc3)cc2)OC(=O)N(Nc2ccccc2)C1=O,1
CCN(Cc1ccc(Cl)nc1)C(=C[N+](=O)[O-])NC,1
CCOC(=O)C1CC(=O)C(=C(O)C2CC2)C(=O)C1,0
CCOc1cc(C(C)(C)C)ccc1C1COC(c2c(F)cccc2F)=N1,0
CS(=O)(=O)c1cc(C(F)(F)F)ccc1C(=O)c1cnoc1C1CC1,0
O=C(O)COc1cc(N2C(=O)C3=C(CCCC3)C2=O)c(F)cc1Cl,0
CON=C(C1=NOCCO1)c1ccccc1Oc1ncnc(Oc2ccccc2Cl)c1F,0
NC(=O)c1nc(-c2ccccc2)n(-c2ccc(Cl)c(COCC(F)(F)C(F)(F)F)c2)n1,0
CC(C)c1nn(C(=O)NC(C)(C)C)c(=O)n1N,0
NC1=NCCN1Cc1ccc(Cl)nc1,1
Cc1[nH]n(C)c(=O)c1C(=O)c1ccc(C(F)(F)F)cc1S(C)(=O)=O,0
COC(=O)c1ccc(CNS(C)(=O)=O)cc1S(=O)(=O)NC(=O)Nc1nc(OC)cc(OC)n1,0
COc1cc(OC)nc(NC(=O)NS(=O)(=O)c2nc(C(F)(F)F)ccc2C(=O)O)n1,0
C#CCOc1ccc(CCNC(=O)C(OCC#C)c2ccc(Cl)cc2)cc1OC,0
CCOC(=O)COc1cc(-c2nn(C)c(OC(F)F)c2Cl)c(F)cc1Cl,0
CC(C)OC(=O)NC(C(=O)NC(C)c1nc2ccc(F)cc2s1)C(C)C,0
O=C(O)CSc1cc(N=c2sc(=O)n3n2CCCC3)c(F)cc1Cl,0
C#CCOc1cc(-n2nc3n(c2=O)CCCC3)c(Cl)cc1Cl,0
CC1(C(=O)Nc2ccc(O)c(Cl)c2Cl)CCCCC1,0
C[S+](C)C.O=C(O)CNCP(=O)([O-])O,0
CCOC(=O)C(Cl)=Cc1cc(N2C(=O)C3=C(CCCC3)C2=O)ccc1Cl,0
CCC([O-])=C1C(=O)CC(C(=O)[O-])CC1=O.[Ca+2],0
CCc1cc(C)cc(CC)c1-c1c(OC(=O)C(C)(C)C)n2n(c1=O)CCOCC2,0
CC1(C)C(C=CC(=O)OC(C(F)(F)F)C(F)(F)F)C1C(=O)OC(C#N)c1cccc(Oc2ccccc2)c1,1
CC(C)=C1OC(=O)N(c2cc(OC3CCCC3)c(Cl)cc2F)C1=O,0
COc1nn(C([O-])=NS(=O)(=O)c2ccccc2OC(F)(F)F)c(=O)n1C.[Na+],0
Cc1ccc(-c2c(Cl)nc(C#N)n2S(=O)(=O)N(C)C)cc1,0
Cc1nn(-c2cc(CC(Cl)C(=O)O)c(Cl)cc2F)c(=O)n1C(F)F,0
COc1cnc(OC)n2nc(NS(=O)(=O)c3c(OCC(F)F)cccc3C(F)(F)F)nc12,0
COc1cc(OC)nc(NC(=O)NS(=O)(=O)c2cc(NC=O)ccc2C(=O)N(C)C)n1,0
O=C(O)C1(C(=O)Nc2ccc(Cl)cc2Cl)CC1,0
Fc1cccc(F)c1-c1nnc(-c2ccccc2Cl)nn1,0
CS(=O)(=O)c1ccc(C(=O)C2C(=O)CCCC2=O)c([N+](=O)[O-])c1,1
CNC(=O)C(=NOC)c1ccccc1Oc1ccccc1,0
O=C(Nc1nc(OC(F)F)cc(OC(F)F)n1)NS(=O)(=O)c1ccccc1C(=O)O,0
CCOc1nc(F)cc2nc(S(=O)(=O)Nc3c(Cl)cccc3Cl)nn12,0
CN=C(NCC1CCOC1)N[N+](=O)[O-],1
CC(C)C1CCC(Cc2ccc(Cl)cc2)C1(O)Cn1cncn1,0
FC(F)(F)c1ccc(OCCCOc2c(Cl)cc(OCC=C(Cl)Cl)cc2Cl)nc1,0
CN1COCN(Cc2cnc(Cl)s2)C1=N[N+](=O)[O-],1
N#CN=C1SCCN1Cc1ccc(Cl)nc1,0
O=C1OCc2c(Cl)c(Cl)c(Cl)c(Cl)c21,0
CC1(C)CCC(Cc2ccc(Cl)cc2)C1(O)Cn1cncn1,0
CC#CCOC(C)c1ccc(OC)c(OC)c1,0
CC(C)C(Nc1ccc(C(F)(F)F)cc1Cl)C(=O)OC(C#N)c1cccc(Oc2ccccc2)c1,0
Cc1cc(C)cc(C(=O)N(NC(=O)c2ccc3c(c2C)CCCO3)C(C)(C)C)c1,0
CCc1cccc(C)c1N(COC(C)C)C(=O)CCl,0
CSC1=NC(C)(c2ccccc2)C(=O)N1Nc1ccccc1,0
CC1(C)C(C=C(Cl)Cl)C1C(=O)OCc1c(F)c(F)cc(F)c1F,1
COCC(C)N(C(=O)CCl)c1c(C)csc1C,0
O=C(Nc1ccc(F)cc1)c1cccc(Oc2cccc(C(F)(F)F)c2)n1,0
CCN(CC)C(=O)n1cnc(S(=O)(=O)c2c(C)cc(C)cc2C)n1,0
COc1cc(OC)nc(Sc2cccc3c2C(=O)OC3C)n1,0
COc1cc(OC)nc(Oc2cccc(Oc3nc(OC)cc(OC)n3)c2C(=O)ON=C(c2ccccc2)c2ccccc2)n1,0
CN=C(NCc1cnc(Cl)s1)N[N+](=O)[O-],1
CCCOc1nn(C(=O)NS(=O)(=O)c2ccccc2C(=O)OC)c(=O)n1C,0
COc1ccc(-c2ccccc2)cc1NNC(=O)OC(C)C,1
O=C(O)CNCP(=O)([O-])O.[Na+],0
CCOCCN(C(=O)CCl)C(=C(C)C)c1ccccc1,0
CC(Oc1ccc(Oc2ccc(C#N)cc2F)cc1)C(=O)O,0
COC(=O)c1c(Cl)nn(C)c1S(=O)(=O)NC(=O)Nc1nc(OC)cc(OC)n1,0
CCN(C(=O)n1nnn(-c2ccccc2Cl)c1=O)C1CCCCC1,0
CON=C(C)c1cccc(Oc2nc(OC)cc(OC)n2)c1C(=O)OC,0
COc1cc(OC)nc(NC(=O)NS(=O)(=O)c2c(C(=O)O)cnn2C)n1,0
CCOc1ccccc1OS(=O)(=O)NC(=O)Nc1nc(OC)cc(OC)n1,0
CCNc1nc(CC)c(C(=O)NC(C#N)c2cccs2)s1,0
CS(=O)(=O)c1ccc(C(=O)C2=C(Sc3ccccc3)C3CCC(C3)C2=O)c(Cl)c1,0
N#Cc1cc(Br)c([O-])c(Br)c1.[K+],0
COc1nn(C(=O)NS(=O)(=O)c2ccccc2OC(F)(F)F)c(=O)n1C,0
CC(NC(=O)C(NC(=O)O)C(C)C)c1nc2ccc(F)cc2s1,0
O=[N+]([O-])Nc1nccn1Cc1ccc(Cl)nc1,1
CCC1(CC2(c3cccc(Cl)c3)CO2)C(=O)c2ccccc2C1=O,0
CCOC(=O)COc1cc(-n2ncc(C(F)(F)F)c(C)c2=O)c(F)cc1Cl,0
COC(=O)c1ccc(I)cc1S(=O)(=O)[N-]C(=O)Nc1nc(C)nc(OC)n1.[Na+],0
CCC(Oc1ccc(F)c(C(F)(F)F)c1)C(=O)NCc1ccccc1,0
COc1cc(OC)nc(NC(=O)NS(=O)(=O)c2c(-c3nnn(C)n3)cnn2C)n1,0
COc1ccsc1CN(C(=O)CCl)c1c(C)cccc1C,0
CCCC(=O)Oc1c(Br)cc(C#N)cc1Br,0
COc1cc(OC)nc(NC(=O)NS(=O)(=O)c2cc(CNS(C)(=O)=O)ccc2C(=O)O)n1,1
C=CCOC(=O)C(C)(C)OC(=O)c1cc(-n2c(=O)cc(C(F)(F)F)n(C)c2=O)ccc1Cl,0
CCC(C)(C)C(=O)OC1=C(c2ccc(Cl)cc2Cl)C(=O)OC12CCCCC2,0
CCC(NOCC=CCl)=C1C(=O)CC(C2CCOCC2)CC1=O,0
CCOC(=O)C1=NN(c2ccc(Cl)cc2Cl)C(C)(C(=O)OCC)C1,0
O=C(Nc1ccccc1-c1ccc(Cl)cc1)c1cccnc1Cl,0
Cc1cc(C)nc(NC(=O)NS(=O)(=O)c2ccccc2C(=O)OC2COC2)n1,0
CCCCCCCC(=O)OC1(C2(CO)OC(CO)C(O)C2O)OC(CO)C(O)C(O)C1O,0
Cc1nc(C(F)(F)F)c(C(=O)Nc2c(Br)cc(OC(F)(F)F)cc2Br)s1,0
Cc1ccc(C(C)NC(=O)C(NC(=O)OC(C)C)C(C)C)cc1,0
O=C(NC(=O)c1c(F)cccc1F)Nc1cc(Cl)c(OC(F)(F)C(F)C(F)(F)F)c(Cl)c1F,0
CCOC(C#N)NC(=O)c1ccc(Cl)cc1,1
CCCC(NOCC)=C1C(=O)CC(C2CCCSC2)CC1=O,0
O=C(NC(=O)c1c(F)cccc1F)Nc1cc(C(F)(F)F)cc(C(F)(F)F)c1Cl,0
CC(=O)Nc1cc(NS(=O)(=O)C(F)(F)F)c(C)cc1C.OCCNCCO,0
CC1=CCC(CCC(C)(C)C2CC=C(C)CC2)CC1,0
CCCCc1c(C)[nH]c(N(C)C)nc1=O,0
CCN(CC)CC.Nc1c(Cl)c(Cl)nc(C(=O)O)c1Cl,0
CC(C)=CC1C(C(=O)OCc2cccc(Oc3ccccc3)c2)C1(C)C,1
Cc1ccsc1C1=NOC(C)(COCc2c(F)cccc2F)C1,0
C=CCONC(CCC)=C1C(=O)CC(C)(C)C(C(=O)OC)C1=O,0
CCCC(NOCC(C)Oc1ccc(Cl)cc1)=C1C(=O)CC(C2CCCSC2)CC1=O,0
[Al+3].[Al+3].[O-][Si]([O-])([O-])O[Si]([O-])([O-])[O-],0
CC(O)CN(CC(C)O)CC(C)O.Nc1c(Cl)c(Cl)nc(C(=O)O)c1Cl,0
COC(=O)[N-]S(=O)(=O)c1ccc(N)cc1.[Na+],0
C=CC[N+]1(CCC(C)CCCC(C)C)CCCCC1,0
CCCN(CCOc1c(Cl)cc(Cl)cc1Cl)C(=O)n1ccnc1.CCCN(CCOc1c(Cl)cc(Cl)cc1Cl)C(=O)n1ccnc1.Cl[Mn]Cl,0
CCCCc1c(C)[nH]c(NCC)nc1=O,1
CON=C(Cc1cccnc1)c1ccc(Cl)cc1Cl,0
CNC(=O)ON=C(C)SCCC#N,0
CCCCC(CC)COC(=O)C(C)Oc1ccc(Cl)cc1C,0
CCCC(NOCC)=C1C(=O)CC(CC(C)SCC)CC1=O,1
CCOc1nn(CSP(=S)(OC)OC)c(=O)s1,1
COCCOCCC[Si](C)(O[Si](C)(C)C)O[Si](C)(C)C,0
CON(C)C(=O)Nc1ccc(Oc2ccc3c(c2)OC(C)(OC)CC3(C)C)cc1,0
C[As](=O)([O-])[O-].C[As](=O)([O-])[O-].[Ca+2],0
COc1cc(OC)nc(NC(=O)NS(=O)(=O)c2ncccc2OCC(F)(F)F)n1,0
CC1(C)C(C=C(Cl)Cl)C1C(=O)OC(C#N)c1ccc(F)c(Oc2ccccc2)c1.O=[N+]([O-])NC1=NCCN1Cc1ccc(Cl)nc1,1
CC(C(c1ccc(Cl)cc1)c1ccc(Cl)cc1)[N+](=O)[O-].CCC(C(c1ccc(Cl)cc1)c1ccc(Cl)cc1)[N+](=O)[O-],0
CCONC(CC)=C1C(=O)CC(c2c(C)cc(C)cc2C)CC1=O,0
NC(=O)OCC(O)C(O)C(N)C(=O)NC(C(=O)O)C1OC(n2cc(CO)c(=O)[nH]c2=O)C(O)C1O,0
CCC(CC)c1cccc(OC(=O)NC)c1.CCCC(C)c1cccc(OC(=O)NC)c1,1
Cc1cccc(-n2nnn(C)c2=O)c1COc1ccn(-c2ccc(Cl)cc2)n1,0
COc1cc(C)c(C(=O)c2c(OC)ccc(Br)c2C)c(OC)c1OC,0
Clc1ccc(CSC(Cn2cncn2)=Nc2ccc(Cl)cc2Cl)cc1,0
O=C(Cc1ccccc1)N=C(NOCC1CC1)c1c(C(F)(F)F)ccc(F)c1F,0
COC=C(C(=O)OC)c1ccccc1COc1cc(C(F)(F)F)nc(OC(C)C)n1,1
CCc1nn(C)c(C(=O)NCc2ccc(Oc3ccc(C)cc3)cc2)c1Cl,1
CCSC(=O)COc1ccc(Cl)cc1C,0
CNC(=O)C(=NOC)c1ccccc1COc1cc(C)ccc1C,0
N#CCNC(=O)c1cnccc1C(F)(F)F,0
CCS(=O)(=O)c1nnc(N(C)C(=O)NC)s1,0
COCCOc1cccc2c1c(=O)c(C(=O)O)nn2-c1ccc(C)cc1,0
CCOCCOC(=O)C(C)Oc1ccc(Oc2ncc(C(F)(F)F)cc2Cl)cc1,0
COc1cc(OC)n2nc(NS(=O)(=O)c3c(C(F)(F)F)ccnc3OC)nc2n1,0
COc1nc(NC(=O)NS(=O)(=O)c2ccccc2C(F)(F)F)nc(C(F)(F)F)n1,0
ClOCl.[Cu+2],0
Cc1nn(C)c(C(OC(=O)C(C)(C)C)=C(C#N)c2ccc(C(C)(C)C)cc2)c1C,0
N#Cc1ccc(CC(=NNC(=O)Nc2ccc(OC(F)(F)F)cc2)c2cccc(C(F)(F)F)c2)cc1,1
CC(C)CCCCCOC(=O)c1nc(Cl)c(Cl)c(N)c1Cl,0
CC(Oc1ccc(Oc2nc3ccc(Cl)cc3o2)cc1)C(=O)N(C)c1ccccc1F,0
CCCCCCCC(=O)OC.CCCCCCCCCC(=O)OC,0
O=C(NCc1ncc(C(F)(F)F)cc1Cl)c1c(Cl)cccc1Cl,0
COC(=O)c1ccc(C(F)(F)F)nc1S(=O)(=O)NC(=O)[N-]c1nc(OC)cc(OC)n1.[Na+],0
CCC1CCCC(OC2CCC(N(C)C)C(C)O2)C(C)C(=O)C2=CC3C(C=C(C)C4CC(OC5OC(C)C(OC)C(OC)C5OC)CC43)C2CC(=O)O1.CCC1CCCC(OC2CCC(N(C)C)C(C)O2)C(C)C(=O)C2=CC3C(C=CC4CC(OC5OC(C)C(OC)C(OC)C5OC)CC43)C2CC(=O)O1,1
Cc1cnc(C2=NC(C)(C(C)C)C(=O)N2)c(C(=O)[O-])c1.[NH4+],0
CCCOc1nc2ccc(I)cc2c(=O)n1CCC,0
COC=C(C(=O)OC)c1ccccc1COc1cccc(C(F)(F)F)n1,0
CCC12OC(C)CC(C)(CC1C)O2,0
N#Cc1cc(I)c([O-])c(I)c1.[Na+],1
N#Cc1cc(I)c([O-])c(I)c1.[Li+],1
CC(C)CC(C)c1sccc1NC(=O)c1cn(C)nc1C(F)(F)F,0
[K+].[O-]P(O)O,0
CCc1c(C(=O)[O-])c(=O)cnn1-c1ccc(Cl)cc1.[K+],0
CCn1c(C)cc(=O)c(C(=O)[O-])c1-c1ccc(Cl)cc1.[K+],0
CCCCC(CC)COC(=O)C(C)Oc1ccc(Cl)cc1Cl,0
CNC(=O)C(=NOC)c1ccccc1CON=C(C)C(=NOC)C(C)=NOC,0
CCOC(=O)OC1=C(c2cc(C)ccc2C)C(=O)NC12CCC(OC)CC2,0
Oc1cc(Cl)c(Cl)cc1Cl,0
S=C([S-])S[S-].[Na+].[Na+],0
O=C(O)CNCP(=O)([O-])O.[K+],0
COc1cc(OC)nc(Oc2cccc(Oc3nc(OC)cc(OC)n3)c2C(=O)[O-])n1.[Na+],0
c1ccc(-c2noc(-c3cccs3)n2)cc1,1
CC(C)N(C)S(=O)(=O)NC(=O)c1cc(-n2c(=O)cc(C(F)(F)F)n(C)c2=O)c(F)cc1Cl,0
CNC(=O)c1cc(C#N)cc(C)c1NC(=O)c1cc(Br)nn1-c1ncccc1Cl,1
CC(C)OP(=O)(OC(C)C)SCc1ccccc1,0
CC=C(C)C(=O)OC1CC(OC(C)=O)C2(C(=O)OC)COC3C2C12COC(O)(C(=O)OC)C2C(C)(C12OC1(C)C1CC2OC2OCCC21O)C3O,0
CC1OC(OC2C(O)C(O)C(O)C(O)C2O)C(N)CC1N=C(N)C(=O)O,0
CC(c1ccc(C(F)(F)F)nc1)S(C)(=O)=NC#N,1
CC(C)C1C2CCC1c1c(NC(=O)c3cn(C)nc3C(F)F)cccc12,0
CCCCC(CC)COC(=O)COc1ccc(Cl)cc1C,0
Cc1ccc2c(c1)C(Nc1nc(N)nc(C(C)F)n1)C(C)C2,0
CCC(C)C1OC2(C=CC1C)CC1CC(CC=C(C)C(OC3CC(OC)C(OC4CC(OC)C(NC)C(C)O4)C(C)O3)C(C)C=CC=C3COC4C(O)C(C)=CC(C(=O)O1)C34O)O2.O=C(O)c1ccccc1,1
Cn1nc(C(F)(F)F)c(CS(=O)(=O)C2=NOC(C)(C)C2)c1OC(F)F,0
CCOP(=O)(OC1CCCCC1)SCC,0
CN(C)C1C(=O)C(C(N)=O)=C(O)C2(O)C(=O)C3=C(O)c4c(O)cccc4C(C)(O)C3C(O)C12.Cl,0
C#CCN1C(=O)C(F)(F)Oc2cc(F)c(-n3c(=O)n(C)c(=S)n(C)c3=O)cc21,0
CC(=NNC(=O)Nc1cc(F)cc(F)c1)c1ncccc1C(=O)O,0
CCOc1ccc(C(COCc2cccc(Oc3ccc(Cl)cc3)c2)C(F)(F)F)cc1,1
Cn1cc(C(=O)Nc2ccc(F)cc2-c2ccc(Cl)c(Cl)c2)c(C(F)F)n1,0
CCCCC=NN(Cc1ccc(Cl)nc1)C(N)=N[N+](=O)[O-],0
COC(=O)NC(=S)Nc1ccccc1NC(=S)NC(=O)OC.N#Cc1c(Cl)c(Cl)c(Cl)c(C#N)c1Cl,1
Cn1cc(C(=O)Nc2ccccc2-c2cc(F)c(F)c(F)c2)c(C(F)F)n1,0
COCCOC(=O)C(C#N)(C(=O)c1ccccc1C(F)(F)F)c1ccc(C(C)(C)C)cc1,0
Cn1cc(C(=O)Nc2ccccc2C2CC2C2CC2)c(C(F)F)n1,1
O=C(O)CNCP(=O)([O-])O.O=C(O)CNCP(=O)([O-])[O-].[Na+].[Na+].[Na+],0
CCCN(CCOc1c(Cl)cc(Cl)cc1Cl)C(=O)n1ccnc1.CCCN(CCOc1c(Cl)cc(Cl)cc1Cl)C(=O)n1ccnc1.CCCN(CCOc1c(Cl)cc(Cl)cc1Cl)C(=O)n1ccnc1.CCCN(CCOc1c(Cl)cc(Cl)cc1Cl)C(=O)n1ccnc1.Cl[Mn]Cl,0
NCCO.O=C(O)c1nc(Cl)ccc1Cl,0
CC(=O)N1C(=O)N(NCc2cccnc2)Cc2cc(C(F)(C(F)(F)F)C(F)(F)F)ccc21,1
O.O.O.O.O.OB(O)O.[Na+],0
COc1cc(OC)nc(NC(=O)[N-]S(=O)(=O)c2ncccc2OCC(F)(F)F)n1.[Na+],0
COC(=O)C(C)N(C(=O)c1ccc(C(=O)c2ccccc2)cc1)c1c(C)cccc1C,1
CC=C(C)C(=O)OC1CCC2(C)C3CCC4C5(O)CC(O)C6(O)C(CN7CC(C)CCC7C6(C)O)C5(O)CC42OC13O.COc1ccc(C(=O)OC2CCC3(C)C4CCC5C6(O)CC(O)C7(O)C(CN8CC(C)CCC8C7(C)O)C6(O)CC53OC24O)cc1OC,0
C=CCON=C(CCC)C1=C([O-])CC(C)(C)C(C(=O)OC)C1=O.[Na+],0
COCc1cccc(C(O)c2nc(OC)cc(OC)n2)c1NS(=O)(=O)C(F)F,0
CC(=O)[O-].CC(=O)[O-].[Cu+2].[Cu+2].[Cu+2].[Cu+2].[O-][As]1O[As]([O-])O[As]([O-])O1.[O-][As]1O[As]([O-])O[As]([O-])O1,1
C=CCSC(=O)n1c(N)c(-c2ccccc2C)c(=O)n1C(C)C,0
O=C1C=C(N(Cc2ccc(Cl)nc2)CC(F)F)CO1,1
Cc1cc(C(F)(F)F)nn1CC(=O)N1CCC(c2nc(C3=NOC(c4c(F)cccc4F)C3)cs2)CC1,0
COc1nc(C)nc(NC(=O)NS(=O)(=O)c2cc(I)ccc2C(=O)O)n1,0
CCOC1C(OC)C(C)OC(OC2CC3CCC4C5CC(=O)OC(CC)CCCC(OC6CCC(N(C)C)C(C)O6)C(C)C(=O)C5=CC4C3C2)C1OC,1
CNC.Nc1c(Cl)c(Cl)nc(C(=O)O)c1Cl,0
Cn1cc(C(=O)Nc2cccc3c2C2CCC3C2=C(Cl)Cl)c(C(F)F)n1,0
COCCOCc1nc(C(F)(F)F)ccc1C(O)=C1C(=O)C2CCC(C2)C1=O,0
CCCC(=O)c1c(C)cc(C)c(C2CC(=O)C(=C(CC)NOCC)C(=O)C2)c1C,0
CC(C)C(C(=O)OC(C#N)c1cccc(Oc2ccc(Br)cc2)c1)c1ccc(OC(F)F)cc1,1
COc1cc(C)c(C(=O)c2c(OC)ncc(Cl)c2C)c(OC)c1OC,0
CCCCCCCCc1c(CC)nc2ncnn2c1N,0
CNC(=O)C(OC)c1ccccc1COc1cc(C)ccc1C,0
CNC(=O)c1cc(C#N)cc(C)c1NC(=O)c1cc(Cn2nnc(C(F)(F)F)n2)nn1-c1ncccc1Cl,1
O=c1c(-c2cccc(C(F)(F)F)c2)c([O-])n(Cc2cncnc2)c2cccc[n+]12,1
CC(C)(NC(=O)NCc1ccccc1Cl)c1ccccc1,0
CN(C(=O)c1ccccc1)c1cccc(C(=O)Nc2c(Br)cc(C(F)(C(F)(F)F)C(F)(F)F)cc2C(F)(F)F)c1F,1
COC(=O)c1nc(-c2ccc(Cl)c(OC)c2F)cc(N)c1Cl,0
Cc1nn(C)c(F)c1C(=O)Nc1ccccc1C(C)CC(C)C,0
CC(NC(=O)c1cc(Cl)cc(Br)c1NC(=O)c1cc(Br)nn1-c1ncccc1Cl)C1CC1,1
COc1ccc([N+](=O)[O-])cc1[O-].[Na+],0
Cn1nnnc1C(=NOCc1cccc(NC(=O)OC(C)(C)C)n1)c1ccccc1,0
COc1ccc(Cl)c(S(=O)(=O)NC(=O)c2cn3cc(C(F)(F)F)cc(Cl)c3n2)c1,0
COC(=O)c1csc(C)c1S(=O)(=O)NC(=O)n1nc(OC)n(C)c1=O,0
Cc1cc(OC(C)C)ccc1C(=O)C(C)(C)NC(=O)c1sccc1C,0
CCn1ncc(C(=O)c2ccc(S(C)(=O)=O)c(OCCOC)c2C)c1OC(C)OC(=O)OC,0
COc1nc(OC)nc(C(=O)c2cccc(F)c2N(C)S(=O)(=O)C(F)F)n1,0
COCc1c(F)c(F)c(COC(=O)C2C(C=C(C)C#N)C2(C)C)c(F)c1F,1
COc1ccccc1N1CCSC1=C(C#N)Sc1cc(C(F)(F)F)ccc1F,0
COc1nn(C(=O)NS(=O)(=O)c2c(C(=O)O)csc2C)c(=O)n1C,0
CC1(COC(=O)C2CC2)C(OC(=O)C2CC2)CCC2(C)C1CC(O)C1(C)Oc3cc(-c4cccnc4)oc(=O)c3C(O)C21,0
COC(=O)CC(NC(=O)C(NC(=O)OC(C)C)C(C)C)c1ccc(Cl)cc1,0
[O-]B([O-])[O-].[O-]B([O-])[O-].[Zn+2].[Zn+2].[Zn+2],0
CON(C(=O)c1cn(C)nc1C(F)F)C(C)Cc1c(Cl)cc(Cl)cc1Cl,0
CC(O)(Cn1cncn1)c1ccc(Oc2ccc(Cl)cc2)cc1C(F)(F)F,0
COc1ccnc(C(=O)NC2COC(=O)C(Cc3ccccc3)C(OC(=O)C(C)C)C(C)OC2=O)c1OCOC(=O)C(C)C,0
O=C(N=c1ccccn1Cc1ccc(Cl)nc1)C(F)(F)F,0
COC(=O)CCNC(=O)C(C)Sc1cc(-n2c(=O)cc(C(F)(F)F)n(C)c2=O)c(F)cc1Cl,1
O=C(O)CNCP(=O)([O-])[O-].[NH4+].[NH4+],0
CC(C)c1ccc(Cl)cc1CN(C(=O)c1c(C(F)F)nn(C)c1F)C1CC1,0
CC1CC(C)(C)c2c(F)ccc(N=C(O)c3cn(C)nc3C(F)F)c21,0
O=CC(O)C(O)C(O)C(O)CO,0
COc1c(Cl)ccc(-c2cc(N)c(Cl)c(C(=O)O)n2)c1F,0
CC1(C)C(C=C(Cl)Cl)C1C(=O)OC(C#N)c1cccc(Oc2ccccc2)c1.Cc1c(COC(=O)C2C(C=C(Cl)C(F)(F)F)C2(C)C)cccc1-c1ccccc1,1
CC1(C)C(C=C(Cl)C(F)(F)F)C1C(=O)OC(C#N)c1cccc(Oc2ccccc2)c1.CNC(=O)c1cc(Cl)cc(C)c1NC(=O)c1cc(Br)nn1-c1ncccc1Cl,1
COc1c(Cl)ccc(-c2nc(C(=O)OCc3ccccc3)c(Cl)c(N)c2F)c1F,0
CNC.O=C(O)CNCP(=O)(O)O,0
N.O=C(O)CNCP(=O)(O)O,0
CC1(C)CON(Cc2ccc(Cl)cc2Cl)C1=O,0
CNC.Cc1cc(Cl)ccc1OCC(=O)O,0